{"tier_high": -0.5459093862656959, "tier_medium": -0.528109229475807}